Time: 0.01 s, Pressure: 3.14 bar, Temperature: 95.50 °C, Pressure Output: 100.00 %, Heater State: OFF, Flow Rate: 0.00 mL/s, Temp Error: -0.50, Pressure Error: 5.86, PWM Duty Cycle: 0.00 %
Time: 0.02 s, Pressure: 3.14 bar, Temperature: 95.50 °C, Pressure Output: 100.00 %, Heater State: OFF, Flow Rate: 0.00 mL/s, Temp Error: -0.50, Pressure Error: 5.86, PWM Duty Cycle: 0.00 %
Time: 0.12 s, Pressure: 2.99 bar, Temperature: 95.50 °C, Pressure Output: 100.00 %, Heater State: OFF, Flow Rate: 0.00 mL/s, Temp Error: -0.50, Pressure Error: 6.01, PWM Duty Cycle: 0.00 %
Time: 0.20 s, Pressure: 3.08 bar, Temperature: 95.50 °C, Pressure Output: 100.00 %, Heater State: OFF, Flow Rate: 0.00 mL/s, Temp Error: -0.50, Pressure Error: 5.92, PWM Duty Cycle: 0.00 %
Time: 0.32 s, Pressure: 3.36 bar, Temperature: 95.25 °C, Pressure Output: 100.00 %, Heater State: OFF, Flow Rate: 0.00 mL/s, Temp Error: -0.25, Pressure Error: 5.64, PWM Duty Cycle: 1.98 %
Time: 0.41 s, Pressure: 3.75 bar, Temperature: 95.25 °C, Pressure Output: 100.00 %, Heater State: OFF, Flow Rate: 0.00 mL/s, Temp Error: -0.25, Pressure Error: 5.25, PWM Duty Cycle: 0.00 %
Time: 0.49 s, Pressure: 4.44 bar, Temperature: 95.25 °C, Pressure Output: 91.89 %, Heater State: OFF, Flow Rate: 0.00 mL/s, Temp Error: -0.25, Pressure Error: 4.56, PWM Duty Cycle: 0.00 %
Time: 0.56 s, Pressure: 5.39 bar, Temperature: 95.25 °C, Pressure Output: 73.07 %, Heater State: OFF, Flow Rate: 0.00 mL/s, Temp Error: -0.25, Pressure Error: 3.61, PWM Duty Cycle: 0.00 %
Time: 0.64 s, Pressure: 6.73 bar, Temperature: 95.75 °C, Pressure Output: 46.23 %, Heater State: OFF, Flow Rate: 0.00 mL/s, Temp Error: -0.75, Pressure Error: 2.27, PWM Duty Cycle: 0.00 %
Time: 0.71 s, Pressure: 8.02 bar, Temperature: 95.75 °C, Pressure Output: 20.61 %, Heater State: OFF, Flow Rate: 0.00 mL/s, Temp Error: -0.75, Pressure Error: 0.98, PWM Duty Cycle: 0.00 %
Time: 0.80 s, Pressure: 9.12 bar, Temperature: 95.75 °C, Pressure Output: 0.00 %, Heater State: OFF, Flow Rate: 0.00 mL/s, Temp Error: -0.75, Pressure Error: -0.12, PWM Duty Cycle: 0.00 %
Time: 0.87 s, Pressure: 7.98 bar, Temperature: 95.75 °C, Pressure Output: 21.26 %, Heater State: OFF, Flow Rate: 0.00 mL/s, Temp Error: -0.75, Pressure Error: 1.02, PWM Duty Cycle: 0.00 %
Time: 0.95 s, Pressure: 6.54 bar, Temperature: 96.50 °C, Pressure Output: 50.21 %, Heater State: OFF, Flow Rate: 0.00 mL/s, Temp Error: -1.50, Pressure Error: 2.46, PWM Duty Cycle: 0.00 %
Time: 1.02 s, Pressure: 5.39 bar, Temperature: 96.50 °C, Pressure Output: 73.17 %, Heater State: OFF, Flow Rate: 0.00 mL/s, Temp Error: -1.50, Pressure Error: 3.61, PWM Duty Cycle: 0.00 %
Time: 1.11 s, Pressure: 4.92 bar, Temperature: 96.50 °C, Pressure Output: 82.70 %, Heater State: OFF, Flow Rate: 0.00 mL/s, Temp Error: -1.50, Pressure Error: 4.08, PWM Duty Cycle: 0.00 %
Time: 1.20 s, Pressure: 4.77 bar, Temperature: 96.50 °C, Pressure Output: 85.90 %, Heater State: OFF, Flow Rate: 0.00 mL/s, Temp Error: -1.50, Pressure Error: 4.23, PWM Duty Cycle: 0.00 %
Time: 1.27 s, Pressure: 4.72 bar, Temperature: 96.75 °C, Pressure Output: 86.92 %, Heater State: OFF, Flow Rate: 0.00 mL/s, Temp Error: -1.75, Pressure Error: 4.28, PWM Duty Cycle: 0.00 %
Time: 1.35 s, Pressure: 4.85 bar, Temperature: 96.75 °C, Pressure Output: 84.37 %, Heater State: OFF, Flow Rate: 0.00 mL/s, Temp Error: -1.75, Pressure Error: 4.15, PWM Duty Cycle: 0.00 %
Time: 1.43 s, Pressure: 5.10 bar, Temperature: 96.75 °C, Pressure Output: 79.47 %, Heater State: OFF, Flow Rate: 0.00 mL/s, Temp Error: -1.75, Pressure Error: 3.90, PWM Duty Cycle: 0.00 %
Time: 1.52 s, Pressure: 5.40 bar, Temperature: 96.75 °C, Pressure Output: 73.57 %, Heater State: OFF, Flow Rate: 0.00 mL/s, Temp Error: -1.75, Pressure Error: 3.60, PWM Duty Cycle: 0.00 %
Time: 1.63 s, Pressure: 5.85 bar, Temperature: 97.00 °C, Pressure Output: 64.54 %, Heater State: OFF, Flow Rate: 0.00 mL/s, Temp Error: -2.00, Pressure Error: 3.15, PWM Duty Cycle: 0.00 %
Time: 1.74 s, Pressure: 6.40 bar, Temperature: 97.00 °C, Pressure Output: 53.62 %, Heater State: OFF, Flow Rate: 0.00 mL/s, Temp Error: -2.00, Pressure Error: 2.60, PWM Duty Cycle: 0.00 %
Time: 1.86 s, Pressure: 7.02 bar, Temperature: 97.00 °C, Pressure Output: 41.27 %, Heater State: OFF, Flow Rate: 0.00 mL/s, Temp Error: -2.00, Pressure Error: 1.98, PWM Duty Cycle: 0.00 %
Time: 1.93 s, Pressure: 7.63 bar, Temperature: 97.75 °C, Pressure Output: 29.06 %, Heater State: OFF, Flow Rate: 0.00 mL/s, Temp Error: -2.75, Pressure Error: 1.37, PWM Duty Cycle: 0.00 %
Time: 2.00 s, Pressure: 8.14 bar, Temperature: 97.75 °C, Pressure Output: 18.89 %, Heater State: OFF, Flow Rate: 0.00 mL/s, Temp Error: -2.75, Pressure Error: 0.86, PWM Duty Cycle: 0.00 %
Time: 2.08 s, Pressure: 8.44 bar, Temperature: 97.75 °C, Pressure Output: 13.03 %, Heater State: OFF, Flow Rate: 0.00 mL/s, Temp Error: -2.75, Pressure Error: 0.56, PWM Duty Cycle: 0.00 %
Time: 2.15 s, Pressure: 8.67 bar, Temperature: 97.75 °C, Pressure Output: 8.33 %, Heater State: OFF, Flow Rate: 0.00 mL/s, Temp Error: -2.75, Pressure Error: 0.33, PWM Duty Cycle: 0.00 %
Time: 2.24 s, Pressure: 8.81 bar, Temperature: 98.25 °C, Pressure Output: 5.56 %, Heater State: OFF, Flow Rate: 0.00 mL/s, Temp Error: -3.25, Pressure Error: 0.19, PWM Duty Cycle: 0.00 %
Time: 2.34 s, Pressure: 8.85 bar, Temperature: 98.25 °C, Pressure Output: 4.81 %, Heater State: OFF, Flow Rate: 0.00 mL/s, Temp Error: -3.25, Pressure Error: 0.15, PWM Duty Cycle: 0.00 %
Time: 2.41 s, Pressure: 8.83 bar, Temperature: 98.25 °C, Pressure Output: 5.18 %, Heater State: OFF, Flow Rate: 0.00 mL/s, Temp Error: -3.25, Pressure Error: 0.17, PWM Duty Cycle: 0.00 %
Time: 2.49 s, Pressure: 8.79 bar, Temperature: 98.25 °C, Pressure Output: 5.92 %, Heater State: OFF, Flow Rate: 0.00 mL/s, Temp Error: -3.25, Pressure Error: 0.21, PWM Duty Cycle: 0.00 %
Time: 2.58 s, Pressure: 8.77 bar, Temperature: 98.25 °C, Pressure Output: 6.34 %, Heater State: OFF, Flow Rate: 0.00 mL/s, Temp Error: -3.25, Pressure Error: 0.23, PWM Duty Cycle: 0.00 %
Time: 2.65 s, Pressure: 8.73 bar, Temperature: 98.25 °C, Pressure Output: 7.16 %, Heater State: OFF, Flow Rate: 0.00 mL/s, Temp Error: -3.25, Pressure Error: 0.27, PWM Duty Cycle: 0.00 %
Time: 2.74 s, Pressure: 8.68 bar, Temperature: 98.25 °C, Pressure Output: 8.24 %, Heater State: OFF, Flow Rate: 0.00 mL/s, Temp Error: -3.25, Pressure Error: 0.32, PWM Duty Cycle: 0.00 %
Time: 2.86 s, Pressure: 8.63 bar, Temperature: 98.50 °C, Pressure Output: 9.11 %, Heater State: OFF, Flow Rate: 0.00 mL/s, Temp Error: -3.50, Pressure Error: 0.37, PWM Duty Cycle: 0.00 %
Time: 2.95 s, Pressure: 8.58 bar, Temperature: 98.50 °C, Pressure Output: 10.25 %, Heater State: OFF, Flow Rate: 0.00 mL/s, Temp Error: -3.50, Pressure Error: 0.42, PWM Duty Cycle: 0.00 %
Time: 3.02 s, Pressure: 8.54 bar, Temperature: 98.50 °C, Pressure Output: 10.96 %, Heater State: OFF, Flow Rate: 0.00 mL/s, Temp Error: -3.50, Pressure Error: 0.46, PWM Duty Cycle: 0.00 %
Time: 3.09 s, Pressure: 8.49 bar, Temperature: 98.50 °C, Pressure Output: 11.97 %, Heater State: OFF, Flow Rate: 0.00 mL/s, Temp Error: -3.50, Pressure Error: 0.51, PWM Duty Cycle: 0.00 %
Time: 3.19 s, Pressure: 8.47 bar, Temperature: 98.75 °C, Pressure Output: 12.50 %, Heater State: OFF, Flow Rate: 0.00 mL/s, Temp Error: -3.75, Pressure Error: 0.53, PWM Duty Cycle: 0.00 %
Time: 3.27 s, Pressure: 8.44 bar, Temperature: 98.75 °C, Pressure Output: 13.08 %, Heater State: OFF, Flow Rate: 0.00 mL/s, Temp Error: -3.75, Pressure Error: 0.56, PWM Duty Cycle: 0.00 %
Time: 3.36 s, Pressure: 8.41 bar, Temperature: 98.75 °C, Pressure Output: 13.65 %, Heater State: OFF, Flow Rate: 0.00 mL/s, Temp Error: -3.75, Pressure Error: 0.59, PWM Duty Cycle: 0.00 %
Time: 3.44 s, Pressure: 8.38 bar, Temperature: 98.75 °C, Pressure Output: 14.30 %, Heater State: OFF, Flow Rate: 0.00 mL/s, Temp Error: -3.75, Pressure Error: 0.62, PWM Duty Cycle: 0.00 %
Time: 3.51 s, Pressure: 8.36 bar, Temperature: 99.00 °C, Pressure Output: 14.62 %, Heater State: OFF, Flow Rate: 0.00 mL/s, Temp Error: -4.00, Pressure Error: 0.64, PWM Duty Cycle: 0.00 %
Time: 3.57 s, Pressure: 8.36 bar, Temperature: 99.00 °C, Pressure Output: 14.76 %, Heater State: OFF, Flow Rate: 0.00 mL/s, Temp Error: -4.00, Pressure Error: 0.64, PWM Duty Cycle: 0.00 %
Time: 3.69 s, Pressure: 8.36 bar, Temperature: 99.00 °C, Pressure Output: 14.64 %, Heater State: OFF, Flow Rate: 0.00 mL/s, Temp Error: -4.00, Pressure Error: 0.64, PWM Duty Cycle: 0.00 %
Time: 3.79 s, Pressure: 8.36 bar, Temperature: 99.25 °C, Pressure Output: 14.76 %, Heater State: OFF, Flow Rate: 0.00 mL/s, Temp Error: -4.25, Pressure Error: 0.64, PWM Duty Cycle: 0.00 %
Time: 3.88 s, Pressure: 8.35 bar, Temperature: 99.25 °C, Pressure Output: 14.87 %, Heater State: OFF, Flow Rate: 0.00 mL/s, Temp Error: -4.25, Pressure Error: 0.65, PWM Duty Cycle: 0.00 %
Time: 3.94 s, Pressure: 8.38 bar, Temperature: 99.25 °C, Pressure Output: 14.42 %, Heater State: OFF, Flow Rate: 0.00 mL/s, Temp Error: -4.25, Pressure Error: 0.62, PWM Duty Cycle: 0.00 %
Time: 4.04 s, Pressure: 8.39 bar, Temperature: 99.25 °C, Pressure Output: 14.24 %, Heater State: OFF, Flow Rate: 0.00 mL/s, Temp Error: -4.25, Pressure Error: 0.61, PWM Duty Cycle: 0.00 %
Time: 4.12 s, Pressure: 8.41 bar, Temperature: 99.25 °C, Pressure Output: 13.82 %, Heater State: OFF, Flow Rate: 0.00 mL/s, Temp Error: -4.25, Pressure Error: 0.59, PWM Duty Cycle: 0.00 %
Time: 4.20 s, Pressure: 8.43 bar, Temperature: 99.25 °C, Pressure Output: 13.39 %, Heater State: OFF, Flow Rate: 0.00 mL/s, Temp Error: -4.25, Pressure Error: 0.57, PWM Duty Cycle: 0.00 %
Time: 4.27 s, Pressure: 8.45 bar, Temperature: 99.25 °C, Pressure Output: 13.05 %, Heater State: OFF, Flow Rate: 0.00 mL/s, Temp Error: -4.25, Pressure Error: 0.55, PWM Duty Cycle: 0.00 %
Time: 4.36 s, Pressure: 8.46 bar, Temperature: 99.25 °C, Pressure Output: 12.84 %, Heater State: OFF, Flow Rate: 0.00 mL/s, Temp Error: -4.25, Pressure Error: 0.54, PWM Duty Cycle: 0.00 %
Time: 4.47 s, Pressure: 8.48 bar, Temperature: 99.25 °C, Pressure Output: 12.34 %, Heater State: OFF, Flow Rate: 0.00 mL/s, Temp Error: -4.25, Pressure Error: 0.52, PWM Duty Cycle: 0.00 %
Time: 4.69 s, Pressure: 8.49 bar, Temperature: 99.50 °C, Pressure Output: 12.29 %, Heater State: OFF, Flow Rate: 0.00 mL/s, Temp Error: -4.50, Pressure Error: 0.51, PWM Duty Cycle: 0.00 %
Time: 4.78 s, Pressure: 8.50 bar, Temperature: 99.50 °C, Pressure Output: 12.13 %, Heater State: OFF, Flow Rate: 0.00 mL/s, Temp Error: -4.50, Pressure Error: 0.50, PWM Duty Cycle: 0.00 %
Time: 4.86 s, Pressure: 8.51 bar, Temperature: 99.50 °C, Pressure Output: 11.80 %, Heater State: OFF, Flow Rate: 0.00 mL/s, Temp Error: -4.50, Pressure Error: 0.49, PWM Duty Cycle: 0.00 %
Time: 4.93 s, Pressure: 8.53 bar, Temperature: 99.50 °C, Pressure Output: 11.50 %, Heater State: OFF, Flow Rate: 0.00 mL/s, Temp Error: -4.50, Pressure Error: 0.47, PWM Duty Cycle: 0.00 %
Time: 5.01 s, Pressure: 8.54 bar, Temperature: 98.75 °C, Pressure Output: 11.19 %, Heater State: OFF, Flow Rate: 0.00 mL/s, Temp Error: -3.75, Pressure Error: 0.46, PWM Duty Cycle: 0.00 %
Time: 5.11 s, Pressure: 8.55 bar, Temperature: 98.75 °C, Pressure Output: 11.16 %, Heater State: OFF, Flow Rate: 0.00 mL/s, Temp Error: -3.75, Pressure Error: 0.45, PWM Duty Cycle: 0.00 %
Time: 5.19 s, Pressure: 8.56 bar, Temperature: 98.75 °C, Pressure Output: 10.98 %, Heater State: OFF, Flow Rate: 0.00 mL/s, Temp Error: -3.75, Pressure Error: 0.44, PWM Duty Cycle: 0.00 %
Time: 5.26 s, Pressure: 8.56 bar, Temperature: 98.75 °C, Pressure Output: 10.89 %, Heater State: OFF, Flow Rate: 0.00 mL/s, Temp Error: -3.75, Pressure Error: 0.44, PWM Duty Cycle: 0.00 %
Time: 5.35 s, Pressure: 8.57 bar, Temperature: 98.75 °C, Pressure Output: 10.77 %, Heater State: OFF, Flow Rate: 0.00 mL/s, Temp Error: -3.75, Pressure Error: 0.43, PWM Duty Cycle: 0.00 %
Time: 5.42 s, Pressure: 8.57 bar, Temperature: 98.75 °C, Pressure Output: 10.69 %, Heater State: OFF, Flow Rate: 0.00 mL/s, Temp Error: -3.75, Pressure Error: 0.43, PWM Duty Cycle: 0.00 %
Time: 5.48 s, Pressure: 8.58 bar, Temperature: 98.75 °C, Pressure Output: 10.59 %, Heater State: OFF, Flow Rate: 0.00 mL/s, Temp Error: -3.75, Pressure Error: 0.42, PWM Duty Cycle: 0.00 %
Time: 5.55 s, Pressure: 8.58 bar, Temperature: 98.75 °C, Pressure Output: 10.50 %, Heater State: OFF, Flow Rate: 0.00 mL/s, Temp Error: -3.75, Pressure Error: 0.42, PWM Duty Cycle: 0.00 %
Time: 5.62 s, Pressure: 8.57 bar, Temperature: 98.75 °C, Pressure Output: 10.65 %, Heater State: OFF, Flow Rate: 0.00 mL/s, Temp Error: -3.75, Pressure Error: 0.43, PWM Duty Cycle: 0.00 %
Time: 5.74 s, Pressure: 8.58 bar, Temperature: 98.75 °C, Pressure Output: 10.63 %, Heater State: OFF, Flow Rate: 0.00 mL/s, Temp Error: -3.75, Pressure Error: 0.42, PWM Duty Cycle: 0.00 %
Time: 5.82 s, Pressure: 8.57 bar, Temperature: 98.75 °C, Pressure Output: 10.73 %, Heater State: OFF, Flow Rate: 0.00 mL/s, Temp Error: -3.75, Pressure Error: 0.43, PWM Duty Cycle: 0.00 %
Time: 5.89 s, Pressure: 8.57 bar, Temperature: 98.75 °C, Pressure Output: 10.69 %, Heater State: OFF, Flow Rate: 0.00 mL/s, Temp Error: -3.75, Pressure Error: 0.43, PWM Duty Cycle: 0.00 %
Time: 5.96 s, Pressure: 8.56 bar, Temperature: 98.75 °C, Pressure Output: 10.87 %, Heater State: OFF, Flow Rate: 0.00 mL/s, Temp Error: -3.75, Pressure Error: 0.44, PWM Duty Cycle: 0.00 %
Time: 6.04 s, Pressure: 8.57 bar, Temperature: 98.75 °C, Pressure Output: 10.72 %, Heater State: OFF, Flow Rate: 0.00 mL/s, Temp Error: -3.75, Pressure Error: 0.43, PWM Duty Cycle: 0.00 %
Time: 6.12 s, Pressure: 8.57 bar, Temperature: 98.75 °C, Pressure Output: 10.81 %, Heater State: OFF, Flow Rate: 0.00 mL/s, Temp Error: -3.75, Pressure Error: 0.43, PWM Duty Cycle: 0.00 %
Time: 6.24 s, Pressure: 8.57 bar, Temperature: 98.75 °C, Pressure Output: 10.87 %, Heater State: OFF, Flow Rate: 0.00 mL/s, Temp Error: -3.75, Pressure Error: 0.43, PWM Duty Cycle: 0.00 %
Time: 6.38 s, Pressure: 8.57 bar, Temperature: 98.50 °C, Pressure Output: 10.90 %, Heater State: OFF, Flow Rate: 0.00 mL/s, Temp Error: -3.50, Pressure Error: 0.43, PWM Duty Cycle: 0.00 %
Time: 6.52 s, Pressure: 8.56 bar, Temperature: 98.50 °C, Pressure Output: 10.94 %, Heater State: OFF, Flow Rate: 0.00 mL/s, Temp Error: -3.50, Pressure Error: 0.44, PWM Duty Cycle: 0.00 %
Time: 6.61 s, Pressure: 8.55 bar, Temperature: 98.50 °C, Pressure Output: 11.13 %, Heater State: OFF, Flow Rate: 0.00 mL/s, Temp Error: -3.50, Pressure Error: 0.45, PWM Duty Cycle: 0.00 %
Time: 6.69 s, Pressure: 8.56 bar, Temperature: 98.50 °C, Pressure Output: 11.09 %, Heater State: OFF, Flow Rate: 0.00 mL/s, Temp Error: -3.50, Pressure Error: 0.44, PWM Duty Cycle: 0.00 %
Time: 6.78 s, Pressure: 8.55 bar, Temperature: 98.50 °C, Pressure Output: 11.20 %, Heater State: OFF, Flow Rate: 0.00 mL/s, Temp Error: -3.50, Pressure Error: 0.45, PWM Duty Cycle: 0.00 %
Time: 6.86 s, Pressure: 8.55 bar, Temperature: 98.50 °C, Pressure Output: 11.16 %, Heater State: OFF, Flow Rate: 0.00 mL/s, Temp Error: -3.50, Pressure Error: 0.45, PWM Duty Cycle: 0.00 %
Time: 6.93 s, Pressure: 8.55 bar, Temperature: 98.50 °C, Pressure Output: 11.24 %, Heater State: OFF, Flow Rate: 0.00 mL/s, Temp Error: -3.50, Pressure Error: 0.45, PWM Duty Cycle: 0.00 %
Time: 6.99 s, Pressure: 8.55 bar, Temperature: 97.75 °C, Pressure Output: 11.21 %, Heater State: OFF, Flow Rate: 0.00 mL/s, Temp Error: -2.75, Pressure Error: 0.45, PWM Duty Cycle: 0.00 %
Time: 7.06 s, Pressure: 8.55 bar, Temperature: 97.75 °C, Pressure Output: 11.32 %, Heater State: OFF, Flow Rate: 0.00 mL/s, Temp Error: -2.75, Pressure Error: 0.45, PWM Duty Cycle: 0.00 %
Time: 7.16 s, Pressure: 8.55 bar, Temperature: 97.75 °C, Pressure Output: 11.20 %, Heater State: OFF, Flow Rate: 0.00 mL/s, Temp Error: -2.75, Pressure Error: 0.45, PWM Duty Cycle: 0.00 %
Time: 7.22 s, Pressure: 8.56 bar, Temperature: 97.75 °C, Pressure Output: 11.18 %, Heater State: OFF, Flow Rate: 0.00 mL/s, Temp Error: -2.75, Pressure Error: 0.44, PWM Duty Cycle: 0.00 %
Time: 7.30 s, Pressure: 8.56 bar, Temperature: 97.50 °C, Pressure Output: 11.20 %, Heater State: OFF, Flow Rate: 0.00 mL/s, Temp Error: -2.50, Pressure Error: 0.44, PWM Duty Cycle: 0.00 %
Time: 7.41 s, Pressure: 8.55 bar, Temperature: 97.50 °C, Pressure Output: 11.27 %, Heater State: OFF, Flow Rate: 0.00 mL/s, Temp Error: -2.50, Pressure Error: 0.45, PWM Duty Cycle: 0.00 %
Time: 7.48 s, Pressure: 8.55 bar, Temperature: 97.50 °C, Pressure Output: 11.28 %, Heater State: OFF, Flow Rate: 0.00 mL/s, Temp Error: -2.50, Pressure Error: 0.45, PWM Duty Cycle: 0.00 %
Time: 7.57 s, Pressure: 8.55 bar, Temperature: 97.50 °C, Pressure Output: 11.32 %, Heater State: OFF, Flow Rate: 0.00 mL/s, Temp Error: -2.50, Pressure Error: 0.45, PWM Duty Cycle: 0.00 %
Time: 7.64 s, Pressure: 8.55 bar, Temperature: 97.50 °C, Pressure Output: 11.31 %, Heater State: OFF, Flow Rate: 0.00 mL/s, Temp Error: -2.50, Pressure Error: 0.45, PWM Duty Cycle: 0.00 %
Time: 7.72 s, Pressure: 8.55 bar, Temperature: 97.50 °C, Pressure Output: 11.32 %, Heater State: OFF, Flow Rate: 0.00 mL/s, Temp Error: -2.50, Pressure Error: 0.45, PWM Duty Cycle: 0.00 %
Time: 7.83 s, Pressure: 8.55 bar, Temperature: 97.50 °C, Pressure Output: 11.28 %, Heater State: OFF, Flow Rate: 0.00 mL/s, Temp Error: -2.50, Pressure Error: 0.45, PWM Duty Cycle: 0.00 %
Time: 7.91 s, Pressure: 8.56 bar, Temperature: 97.50 °C, Pressure Output: 11.14 %, Heater State: OFF, Flow Rate: 0.00 mL/s, Temp Error: -2.50, Pressure Error: 0.44, PWM Duty Cycle: 0.00 %
Time: 8.01 s, Pressure: 8.56 bar, Temperature: 97.50 °C, Pressure Output: 11.15 %, Heater State: OFF, Flow Rate: 0.00 mL/s, Temp Error: -2.50, Pressure Error: 0.44, PWM Duty Cycle: 0.00 %
Time: 8.08 s, Pressure: 8.56 bar, Temperature: 97.50 °C, Pressure Output: 11.11 %, Heater State: OFF, Flow Rate: 0.00 mL/s, Temp Error: -2.50, Pressure Error: 0.44, PWM Duty Cycle: 0.00 %
Time: 8.18 s, Pressure: 8.57 bar, Temperature: 97.50 °C, Pressure Output: 11.02 %, Heater State: OFF, Flow Rate: 0.00 mL/s, Temp Error: -2.50, Pressure Error: 0.43, PWM Duty Cycle: 0.00 %
Time: 8.28 s, Pressure: 8.57 bar, Temperature: 95.75 °C, Pressure Output: 11.06 %, Heater State: ON, Flow Rate: 0.00 mL/s, Temp Error: -0.75, Pressure Error: 0.43, PWM Duty Cycle: 13.20 %
Time: 8.38 s, Pressure: 8.57 bar, Temperature: 95.75 °C, Pressure Output: 11.02 %, Heater State: OFF, Flow Rate: 0.00 mL/s, Temp Error: -0.75, Pressure Error: 0.43, PWM Duty Cycle: 0.00 %
Time: 8.44 s, Pressure: 8.57 bar, Temperature: 95.75 °C, Pressure Output: 11.09 %, Heater State: OFF, Flow Rate: 0.00 mL/s, Temp Error: -0.75, Pressure Error: 0.43, PWM Duty Cycle: 0.00 %
Time: 8.52 s, Pressure: 8.57 bar, Temperature: 95.75 °C, Pressure Output: 11.06 %, Heater State: OFF, Flow Rate: 0.00 mL/s, Temp Error: -0.75, Pressure Error: 0.43, PWM Duty Cycle: 0.00 %
Time: 8.59 s, Pressure: 8.57 bar, Temperature: 95.25 °C, Pressure Output: 11.11 %, Heater State: ON, Flow Rate: 0.00 mL/s, Temp Error: -0.25, Pressure Error: 0.43, PWM Duty Cycle: 1.68 %
Time: 8.65 s, Pressure: 8.57 bar, Temperature: 95.25 °C, Pressure Output: 11.10 %, Heater State: OFF, Flow Rate: 0.00 mL/s, Temp Error: -0.25, Pressure Error: 0.43, PWM Duty Cycle: 0.00 %
Time: 8.72 s, Pressure: 8.57 bar, Temperature: 95.25 °C, Pressure Output: 11.08 %, Heater State: OFF, Flow Rate: 0.00 mL/s, Temp Error: -0.25, Pressure Error: 0.43, PWM Duty Cycle: 0.00 %
Time: 8.81 s, Pressure: 8.57 bar, Temperature: 95.25 °C, Pressure Output: 11.02 %, Heater State: OFF, Flow Rate: 0.00 mL/s, Temp Error: -0.25, Pressure Error: 0.43, PWM Duty Cycle: 0.00 %
Time: 8.90 s, Pressure: 8.57 bar, Temperature: 94.75 °C, Pressure Output: 11.01 %, Heater State: ON, Flow Rate: 0.00 mL/s, Temp Error: 0.25, Pressure Error: 0.43, PWM Duty Cycle: 2.67 %
Time: 8.99 s, Pressure: 8.58 bar, Temperature: 94.75 °C, Pressure Output: 10.80 %, Heater State: OFF, Flow Rate: 0.00 mL/s, Temp Error: 0.25, Pressure Error: 0.42, PWM Duty Cycle: 0.00 %
Time: 9.06 s, Pressure: 8.59 bar, Temperature: 94.75 °C, Pressure Output: 10.72 %, Heater State: OFF, Flow Rate: 0.00 mL/s, Temp Error: 0.25, Pressure Error: 0.41, PWM Duty Cycle: 0.00 %
Time: 9.14 s, Pressure: 8.60 bar, Temperature: 94.75 °C, Pressure Output: 10.52 %, Heater State: OFF, Flow Rate: 0.00 mL/s, Temp Error: 0.25, Pressure Error: 0.40, PWM Duty Cycle: 0.00 %
Time: 9.24 s, Pressure: 8.60 bar, Temperature: 94.00 °C, Pressure Output: 10.47 %, Heater State: ON, Flow Rate: 0.00 mL/s, Temp Error: 1.00, Pressure Error: 0.40, PWM Duty Cycle: 6.69 %
Time: 9.32 s, Pressure: 8.61 bar, Temperature: 94.00 °C, Pressure Output: 10.30 %, Heater State: OFF, Flow Rate: 0.00 mL/s, Temp Error: 1.00, Pressure Error: 0.39, PWM Duty Cycle: 0.00 %
Time: 9.40 s, Pressure: 8.61 bar, Temperature: 94.00 °C, Pressure Output: 10.30 %, Heater State: OFF, Flow Rate: 0.00 mL/s, Temp Error: 1.00, Pressure Error: 0.39, PWM Duty Cycle: 0.00 %
Time: 9.47 s, Pressure: 8.62 bar, Temperature: 94.00 °C, Pressure Output: 10.21 %, Heater State: OFF, Flow Rate: 0.00 mL/s, Temp Error: 1.00, Pressure Error: 0.38, PWM Duty Cycle: 0.00 %
Time: 9.61 s, Pressure: 8.62 bar, Temperature: 93.75 °C, Pressure Output: 10.07 %, Heater State: ON, Flow Rate: 0.00 mL/s, Temp Error: 1.25, Pressure Error: 0.38, PWM Duty Cycle: 2.23 %
Time: 9.72 s, Pressure: 8.62 bar, Temperature: 93.75 °C, Pressure Output: 10.07 %, Heater State: OFF, Flow Rate: 0.00 mL/s, Temp Error: 1.25, Pressure Error: 0.38, PWM Duty Cycle: 0.00 %
Time: 9.81 s, Pressure: 8.63 bar, Temperature: 93.75 °C, Pressure Output: 9.94 %, Heater State: OFF, Flow Rate: 0.00 mL/s, Temp Error: 1.25, Pressure Error: 0.37, PWM Duty Cycle: 0.00 %
Time: 9.87 s, Pressure: 8.63 bar, Temperature: 93.75 °C, Pressure Output: 9.93 %, Heater State: OFF, Flow Rate: 0.00 mL/s, Temp Error: 1.25, Pressure Error: 0.37, PWM Duty Cycle: 0.00 %
Time: 9.95 s, Pressure: 8.64 bar, Temperature: 93.75 °C, Pressure Output: 9.82 %, Heater State: OFF, Flow Rate: 0.00 mL/s, Temp Error: 1.25, Pressure Error: 0.36, PWM Duty Cycle: 0.00 %
Time: 10.03 s, Pressure: 8.64 bar, Temperature: 93.75 °C, Pressure Output: 9.75 %, Heater State: OFF, Flow Rate: 0.00 mL/s, Temp Error: 1.25, Pressure Error: 0.36, PWM Duty Cycle: 0.00 %
Time: 10.13 s, Pressure: 8.63 bar, Temperature: 93.75 °C, Pressure Output: 9.88 %, Heater State: OFF, Flow Rate: 0.00 mL/s, Temp Error: 1.25, Pressure Error: 0.37, PWM Duty Cycle: 0.00 %
Time: 10.20 s, Pressure: 8.64 bar, Temperature: 93.75 °C, Pressure Output: 9.87 %, Heater State: OFF, Flow Rate: 0.00 mL/s, Temp Error: 1.25, Pressure Error: 0.36, PWM Duty Cycle: 0.00 %
Time: 10.27 s, Pressure: 8.63 bar, Temperature: 93.75 °C, Pressure Output: 9.94 %, Heater State: OFF, Flow Rate: 0.00 mL/s, Temp Error: 1.25, Pressure Error: 0.37, PWM Duty Cycle: 0.00 %
Time: 10.33 s, Pressure: 8.63 bar, Temperature: 92.25 °C, Pressure Output: 9.94 %, Heater State: ON, Flow Rate: 0.00 mL/s, Temp Error: 2.75, Pressure Error: 0.37, PWM Duty Cycle: 17.86 %
Time: 10.41 s, Pressure: 8.63 bar, Temperature: 92.25 °C, Pressure Output: 9.98 %, Heater State: ON, Flow Rate: 0.00 mL/s, Temp Error: 2.75, Pressure Error: 0.37, PWM Duty Cycle: 2.89 %
Time: 10.49 s, Pressure: 8.63 bar, Temperature: 92.25 °C, Pressure Output: 10.04 %, Heater State: ON, Flow Rate: 0.00 mL/s, Temp Error: 2.75, Pressure Error: 0.37, PWM Duty Cycle: 2.92 %
Time: 10.54 s, Pressure: 8.63 bar, Temperature: 92.25 °C, Pressure Output: 10.07 %, Heater State: ON, Flow Rate: 0.00 mL/s, Temp Error: 2.75, Pressure Error: 0.37, PWM Duty Cycle: 2.94 %
Time: 10.65 s, Pressure: 8.62 bar, Temperature: 91.75 °C, Pressure Output: 10.20 %, Heater State: ON, Flow Rate: 0.00 mL/s, Temp Error: 3.25, Pressure Error: 0.38, PWM Duty Cycle: 8.98 %
Time: 10.74 s, Pressure: 8.62 bar, Temperature: 91.75 °C, Pressure Output: 10.30 %, Heater State: ON, Flow Rate: 0.00 mL/s, Temp Error: 3.25, Pressure Error: 0.38, PWM Duty Cycle: 4.01 %
Time: 10.83 s, Pressure: 8.61 bar, Temperature: 91.75 °C, Pressure Output: 10.47 %, Heater State: ON, Flow Rate: 0.00 mL/s, Temp Error: 3.25, Pressure Error: 0.39, PWM Duty Cycle: 4.04 %
Time: 10.94 s, Pressure: 8.60 bar, Temperature: 91.25 °C, Pressure Output: 10.62 %, Heater State: ON, Flow Rate: 0.00 mL/s, Temp Error: 3.75, Pressure Error: 0.40, PWM Duty Cycle: 10.08 %
Time: 11.04 s, Pressure: 8.59 bar, Temperature: 91.25 °C, Pressure Output: 10.77 %, Heater State: ON, Flow Rate: 0.00 mL/s, Temp Error: 3.75, Pressure Error: 0.41, PWM Duty Cycle: 5.12 %
Time: 11.13 s, Pressure: 8.58 bar, Temperature: 91.25 °C, Pressure Output: 10.99 %, Heater State: ON, Flow Rate: 0.00 mL/s, Temp Error: 3.75, Pressure Error: 0.42, PWM Duty Cycle: 5.15 %
Time: 11.20 s, Pressure: 8.58 bar, Temperature: 91.25 °C, Pressure Output: 11.12 %, Heater State: ON, Flow Rate: 0.00 mL/s, Temp Error: 3.75, Pressure Error: 0.42, PWM Duty Cycle: 5.19 %
Time: 11.26 s, Pressure: 8.57 bar, Temperature: 91.25 °C, Pressure Output: 11.36 %, Heater State: ON, Flow Rate: 0.00 mL/s, Temp Error: 3.75, Pressure Error: 0.43, PWM Duty Cycle: 5.23 %
Time: 11.34 s, Pressure: 8.55 bar, Temperature: 91.25 °C, Pressure Output: 11.62 %, Heater State: ON, Flow Rate: 0.00 mL/s, Temp Error: 3.75, Pressure Error: 0.45, PWM Duty Cycle: 5.27 %
Time: 11.42 s, Pressure: 8.55 bar, Temperature: 91.25 °C, Pressure Output: 11.79 %, Heater State: ON, Flow Rate: 0.00 mL/s, Temp Error: 3.75, Pressure Error: 0.45, PWM Duty Cycle: 5.30 %
Time: 11.49 s, Pressure: 8.53 bar, Temperature: 91.25 °C, Pressure Output: 12.06 %, Heater State: ON, Flow Rate: 0.00 mL/s, Temp Error: 3.75, Pressure Error: 0.47, PWM Duty Cycle: 5.34 %
Time: 11.56 s, Pressure: 8.52 bar, Temperature: 91.25 °C, Pressure Output: 12.29 %, Heater State: ON, Flow Rate: 0.00 mL/s, Temp Error: 3.75, Pressure Error: 0.48, PWM Duty Cycle: 5.38 %
Time: 11.63 s, Pressure: 8.52 bar, Temperature: 91.25 °C, Pressure Output: 12.40 %, Heater State: ON, Flow Rate: 0.00 mL/s, Temp Error: 3.75, Pressure Error: 0.48, PWM Duty Cycle: 5.42 %
Time: 11.70 s, Pressure: 8.51 bar, Temperature: 91.25 °C, Pressure Output: 12.52 %, Heater State: ON, Flow Rate: 0.00 mL/s, Temp Error: 3.75, Pressure Error: 0.49, PWM Duty Cycle: 5.45 %
Time: 11.78 s, Pressure: 8.50 bar, Temperature: 91.25 °C, Pressure Output: 12.66 %, Heater State: ON, Flow Rate: 0.00 mL/s, Temp Error: 3.75, Pressure Error: 0.50, PWM Duty Cycle: 5.49 %
Time: 11.85 s, Pressure: 8.50 bar, Temperature: 91.25 °C, Pressure Output: 12.80 %, Heater State: ON, Flow Rate: 0.00 mL/s, Temp Error: 3.75, Pressure Error: 0.50, PWM Duty Cycle: 5.53 %
Time: 11.92 s, Pressure: 8.49 bar, Temperature: 91.25 °C, Pressure Output: 12.89 %, Heater State: ON, Flow Rate: 0.00 mL/s, Temp Error: 3.75, Pressure Error: 0.51, PWM Duty Cycle: 5.57 %
Time: 12.00 s, Pressure: 8.49 bar, Temperature: 91.25 °C, Pressure Output: 13.07 %, Heater State: ON, Flow Rate: 0.00 mL/s, Temp Error: 3.75, Pressure Error: 0.51, PWM Duty Cycle: 5.60 %
Time: 12.10 s, Pressure: 8.48 bar, Temperature: 91.25 °C, Pressure Output: 13.21 %, Heater State: ON, Flow Rate: 0.00 mL/s, Temp Error: 3.75, Pressure Error: 0.52, PWM Duty Cycle: 5.64 %
Time: 12.18 s, Pressure: 8.47 bar, Temperature: 91.25 °C, Pressure Output: 13.49 %, Heater State: ON, Flow Rate: 0.00 mL/s, Temp Error: 3.75, Pressure Error: 0.53, PWM Duty Cycle: 5.68 %
Time: 12.25 s, Pressure: 8.46 bar, Temperature: 91.25 °C, Pressure Output: 13.70 %, Heater State: ON, Flow Rate: 0.00 mL/s, Temp Error: 3.75, Pressure Error: 0.54, PWM Duty Cycle: 5.72 %
Time: 12.32 s, Pressure: 8.44 bar, Temperature: 91.25 °C, Pressure Output: 13.94 %, Heater State: ON, Flow Rate: 0.00 mL/s, Temp Error: 3.75, Pressure Error: 0.56, PWM Duty Cycle: 5.75 %
Time: 12.41 s, Pressure: 8.43 bar, Temperature: 89.00 °C, Pressure Output: 14.20 %, Heater State: ON, Flow Rate: 0.00 mL/s, Temp Error: 6.00, Pressure Error: 0.57, PWM Duty Cycle: 32.81 %
Time: 12.49 s, Pressure: 8.43 bar, Temperature: 89.00 °C, Pressure Output: 14.26 %, Heater State: ON, Flow Rate: 0.00 mL/s, Temp Error: 6.00, Pressure Error: 0.57, PWM Duty Cycle: 10.37 %
Time: 12.62 s, Pressure: 8.43 bar, Temperature: 89.00 °C, Pressure Output: 14.35 %, Heater State: ON, Flow Rate: 0.00 mL/s, Temp Error: 6.00, Pressure Error: 0.57, PWM Duty Cycle: 10.43 %
Time: 12.71 s, Pressure: 8.43 bar, Temperature: 88.50 °C, Pressure Output: 14.30 %, Heater State: ON, Flow Rate: 0.00 mL/s, Temp Error: 6.50, Pressure Error: 0.57, PWM Duty Cycle: 16.50 %
Time: 12.89 s, Pressure: 8.43 bar, Temperature: 88.50 °C, Pressure Output: 14.37 %, Heater State: ON, Flow Rate: 0.00 mL/s, Temp Error: 6.50, Pressure Error: 0.57, PWM Duty Cycle: 11.56 %
Time: 13.06 s, Pressure: 8.42 bar, Temperature: 88.50 °C, Pressure Output: 14.41 %, Heater State: ON, Flow Rate: 0.00 mL/s, Temp Error: 6.50, Pressure Error: 0.58, PWM Duty Cycle: 11.63 %
Time: 13.13 s, Pressure: 8.42 bar, Temperature: 88.50 °C, Pressure Output: 14.45 %, Heater State: ON, Flow Rate: 0.00 mL/s, Temp Error: 6.50, Pressure Error: 0.58, PWM Duty Cycle: 11.69 %
Time: 13.22 s, Pressure: 8.42 bar, Temperature: 88.50 °C, Pressure Output: 14.43 %, Heater State: ON, Flow Rate: 0.00 mL/s, Temp Error: 6.50, Pressure Error: 0.58, PWM Duty Cycle: 11.76 %
Time: 13.30 s, Pressure: 8.43 bar, Temperature: 88.50 °C, Pressure Output: 14.35 %, Heater State: ON, Flow Rate: 0.00 mL/s, Temp Error: 6.50, Pressure Error: 0.57, PWM Duty Cycle: 11.82 %
Time: 13.40 s, Pressure: 8.42 bar, Temperature: 88.50 °C, Pressure Output: 14.48 %, Heater State: ON, Flow Rate: 0.00 mL/s, Temp Error: 6.50, Pressure Error: 0.58, PWM Duty Cycle: 11.89 %
Time: 13.46 s, Pressure: 8.42 bar, Temperature: 88.50 °C, Pressure Output: 14.49 %, Heater State: ON, Flow Rate: 0.00 mL/s, Temp Error: 6.50, Pressure Error: 0.58, PWM Duty Cycle: 11.95 %
Time: 13.54 s, Pressure: 8.43 bar, Temperature: 88.50 °C, Pressure Output: 14.42 %, Heater State: ON, Flow Rate: 0.00 mL/s, Temp Error: 6.50, Pressure Error: 0.57, PWM Duty Cycle: 12.02 %
Time: 13.64 s, Pressure: 8.43 bar, Temperature: 88.50 °C, Pressure Output: 14.42 %, Heater State: ON, Flow Rate: 0.00 mL/s, Temp Error: 6.50, Pressure Error: 0.57, PWM Duty Cycle: 12.08 %
Time: 13.72 s, Pressure: 8.43 bar, Temperature: 88.50 °C, Pressure Output: 14.39 %, Heater State: ON, Flow Rate: 0.00 mL/s, Temp Error: 6.50, Pressure Error: 0.57, PWM Duty Cycle: 12.15 %
Time: 13.84 s, Pressure: 8.43 bar, Temperature: 88.50 °C, Pressure Output: 14.41 %, Heater State: ON, Flow Rate: 0.00 mL/s, Temp Error: 6.50, Pressure Error: 0.57, PWM Duty Cycle: 12.21 %
Time: 13.92 s, Pressure: 8.43 bar, Temperature: 88.50 °C, Pressure Output: 14.33 %, Heater State: ON, Flow Rate: 0.00 mL/s, Temp Error: 6.50, Pressure Error: 0.57, PWM Duty Cycle: 12.28 %
Time: 14.08 s, Pressure: 8.43 bar, Temperature: 86.50 °C, Pressure Output: 14.35 %, Heater State: ON, Flow Rate: 0.00 mL/s, Temp Error: 8.50, Pressure Error: 0.57, PWM Duty Cycle: 36.36 %
Time: 14.23 s, Pressure: 8.43 bar, Temperature: 86.50 °C, Pressure Output: 14.37 %, Heater State: ON, Flow Rate: 0.00 mL/s, Temp Error: 8.50, Pressure Error: 0.57, PWM Duty Cycle: 16.45 %
Time: 14.32 s, Pressure: 8.44 bar, Temperature: 86.50 °C, Pressure Output: 14.29 %, Heater State: ON, Flow Rate: 0.00 mL/s, Temp Error: 8.50, Pressure Error: 0.56, PWM Duty Cycle: 16.53 %
Time: 14.45 s, Pressure: 8.44 bar, Temperature: 86.50 °C, Pressure Output: 14.24 %, Heater State: ON, Flow Rate: 0.00 mL/s, Temp Error: 8.50, Pressure Error: 0.56, PWM Duty Cycle: 16.62 %
Time: 14.54 s, Pressure: 8.45 bar, Temperature: 86.50 °C, Pressure Output: 14.10 %, Heater State: ON, Flow Rate: 0.00 mL/s, Temp Error: 8.50, Pressure Error: 0.55, PWM Duty Cycle: 16.70 %
Time: 14.66 s, Pressure: 8.45 bar, Temperature: 86.50 °C, Pressure Output: 14.04 %, Heater State: ON, Flow Rate: 0.00 mL/s, Temp Error: 8.50, Pressure Error: 0.55, PWM Duty Cycle: 16.79 %
Time: 14.74 s, Pressure: 8.46 bar, Temperature: 86.50 °C, Pressure Output: 13.85 %, Heater State: ON, Flow Rate: 0.00 mL/s, Temp Error: 8.50, Pressure Error: 0.54, PWM Duty Cycle: 16.87 %
Time: 14.85 s, Pressure: 8.47 bar, Temperature: 86.50 °C, Pressure Output: 13.69 %, Heater State: ON, Flow Rate: 0.00 mL/s, Temp Error: 8.50, Pressure Error: 0.53, PWM Duty Cycle: 16.96 %
Time: 14.93 s, Pressure: 8.47 bar, Temperature: 86.50 °C, Pressure Output: 13.64 %, Heater State: ON, Flow Rate: 0.00 mL/s, Temp Error: 8.50, Pressure Error: 0.53, PWM Duty Cycle: 17.04 %
Time: 14.99 s, Pressure: 8.48 bar, Temperature: 86.50 °C, Pressure Output: 13.50 %, Heater State: ON, Flow Rate: 0.00 mL/s, Temp Error: 8.50, Pressure Error: 0.52, PWM Duty Cycle: 17.13 %
Time: 15.09 s, Pressure: 8.49 bar, Temperature: 86.25 °C, Pressure Output: 13.41 %, Heater State: ON, Flow Rate: 0.00 mL/s, Temp Error: 8.75, Pressure Error: 0.51, PWM Duty Cycle: 20.22 %
Time: 15.26 s, Pressure: 8.49 bar, Temperature: 86.25 °C, Pressure Output: 13.24 %, Heater State: ON, Flow Rate: 0.00 mL/s, Temp Error: 8.75, Pressure Error: 0.51, PWM Duty Cycle: 17.80 %
Time: 15.41 s, Pressure: 8.50 bar, Temperature: 86.25 °C, Pressure Output: 13.11 %, Heater State: ON, Flow Rate: 0.00 mL/s, Temp Error: 8.75, Pressure Error: 0.50, PWM Duty Cycle: 17.89 %
Time: 15.48 s, Pressure: 8.50 bar, Temperature: 86.25 °C, Pressure Output: 13.11 %, Heater State: ON, Flow Rate: 0.00 mL/s, Temp Error: 8.75, Pressure Error: 0.50, PWM Duty Cycle: 17.98 %
Time: 15.67 s, Pressure: 8.51 bar, Temperature: 86.25 °C, Pressure Output: 12.99 %, Heater State: ON, Flow Rate: 0.00 mL/s, Temp Error: 8.75, Pressure Error: 0.49, PWM Duty Cycle: 18.07 %
Time: 15.75 s, Pressure: 8.51 bar, Temperature: 86.25 °C, Pressure Output: 12.92 %, Heater State: ON, Flow Rate: 0.00 mL/s, Temp Error: 8.75, Pressure Error: 0.49, PWM Duty Cycle: 18.15 %
Time: 15.87 s, Pressure: 8.51 bar, Temperature: 86.25 °C, Pressure Output: 12.94 %, Heater State: ON, Flow Rate: 0.00 mL/s, Temp Error: 8.75, Pressure Error: 0.49, PWM Duty Cycle: 18.24 %
Time: 16.02 s, Pressure: 8.51 bar, Temperature: 86.25 °C, Pressure Output: 12.92 %, Heater State: ON, Flow Rate: 0.00 mL/s, Temp Error: 8.75, Pressure Error: 0.49, PWM Duty Cycle: 18.33 %
Time: 16.09 s, Pressure: 8.52 bar, Temperature: 86.25 °C, Pressure Output: 12.86 %, Heater State: ON, Flow Rate: 0.00 mL/s, Temp Error: 8.75, Pressure Error: 0.48, PWM Duty Cycle: 18.42 %
Time: 16.17 s, Pressure: 8.52 bar, Temperature: 86.25 °C, Pressure Output: 12.85 %, Heater State: ON, Flow Rate: 0.00 mL/s, Temp Error: 8.75, Pressure Error: 0.48, PWM Duty Cycle: 18.50 %
Time: 16.30 s, Pressure: 8.52 bar, Temperature: 86.00 °C, Pressure Output: 12.82 %, Heater State: ON, Flow Rate: 0.00 mL/s, Temp Error: 9.00, Pressure Error: 0.48, PWM Duty Cycle: 21.59 %
Time: 16.39 s, Pressure: 8.52 bar, Temperature: 86.00 °C, Pressure Output: 12.78 %, Heater State: ON, Flow Rate: 0.00 mL/s, Temp Error: 9.00, Pressure Error: 0.48, PWM Duty Cycle: 19.18 %
Time: 16.46 s, Pressure: 8.52 bar, Temperature: 86.00 °C, Pressure Output: 12.76 %, Heater State: ON, Flow Rate: 0.00 mL/s, Temp Error: 9.00, Pressure Error: 0.48, PWM Duty Cycle: 19.27 %
Time: 16.54 s, Pressure: 8.52 bar, Temperature: 86.00 °C, Pressure Output: 12.76 %, Heater State: ON, Flow Rate: 0.00 mL/s, Temp Error: 9.00, Pressure Error: 0.48, PWM Duty Cycle: 19.36 %
Time: 16.62 s, Pressure: 8.53 bar, Temperature: 86.50 °C, Pressure Output: 12.71 %, Heater State: ON, Flow Rate: 0.00 mL/s, Temp Error: 8.50, Pressure Error: 0.47, PWM Duty Cycle: 13.45 %
Time: 16.71 s, Pressure: 8.53 bar, Temperature: 86.50 °C, Pressure Output: 12.71 %, Heater State: ON, Flow Rate: 0.00 mL/s, Temp Error: 8.50, Pressure Error: 0.47, PWM Duty Cycle: 18.53 %
Time: 16.79 s, Pressure: 8.53 bar, Temperature: 86.50 °C, Pressure Output: 12.70 %, Heater State: ON, Flow Rate: 0.00 mL/s, Temp Error: 8.50, Pressure Error: 0.47, PWM Duty Cycle: 18.62 %
Time: 16.92 s, Pressure: 8.53 bar, Temperature: 86.25 °C, Pressure Output: 12.63 %, Heater State: ON, Flow Rate: 0.00 mL/s, Temp Error: 8.75, Pressure Error: 0.47, PWM Duty Cycle: 21.71 %
Time: 17.00 s, Pressure: 8.53 bar, Temperature: 86.25 °C, Pressure Output: 12.71 %, Heater State: ON, Flow Rate: 0.00 mL/s, Temp Error: 8.75, Pressure Error: 0.47, PWM Duty Cycle: 19.29 %
Time: 17.08 s, Pressure: 8.53 bar, Temperature: 86.25 °C, Pressure Output: 12.68 %, Heater State: ON, Flow Rate: 0.00 mL/s, Temp Error: 8.75, Pressure Error: 0.47, PWM Duty Cycle: 19.38 %
Time: 17.15 s, Pressure: 8.53 bar, Temperature: 86.25 °C, Pressure Output: 12.65 %, Heater State: ON, Flow Rate: 0.00 mL/s, Temp Error: 8.75, Pressure Error: 0.47, PWM Duty Cycle: 19.47 %
Time: 17.23 s, Pressure: 8.53 bar, Temperature: 86.25 °C, Pressure Output: 12.65 %, Heater State: ON, Flow Rate: 0.00 mL/s, Temp Error: 8.75, Pressure Error: 0.47, PWM Duty Cycle: 19.56 %
Time: 17.30 s, Pressure: 8.54 bar, Temperature: 86.25 °C, Pressure Output: 12.53 %, Heater State: ON, Flow Rate: 0.00 mL/s, Temp Error: 8.75, Pressure Error: 0.46, PWM Duty Cycle: 19.64 %
Time: 17.38 s, Pressure: 8.54 bar, Temperature: 86.25 °C, Pressure Output: 12.53 %, Heater State: ON, Flow Rate: 0.00 mL/s, Temp Error: 8.75, Pressure Error: 0.46, PWM Duty Cycle: 19.73 %
Time: 17.49 s, Pressure: 8.54 bar, Temperature: 87.25 °C, Pressure Output: 12.54 %, Heater State: ON, Flow Rate: 0.00 mL/s, Temp Error: 7.75, Pressure Error: 0.46, PWM Duty Cycle: 7.81 %
Time: 17.60 s, Pressure: 8.54 bar, Temperature: 87.25 °C, Pressure Output: 12.48 %, Heater State: ON, Flow Rate: 0.00 mL/s, Temp Error: 7.75, Pressure Error: 0.46, PWM Duty Cycle: 17.89 %
Time: 17.70 s, Pressure: 8.55 bar, Temperature: 87.25 °C, Pressure Output: 12.43 %, Heater State: ON, Flow Rate: 0.00 mL/s, Temp Error: 7.75, Pressure Error: 0.45, PWM Duty Cycle: 17.96 %
Time: 17.82 s, Pressure: 8.55 bar, Temperature: 87.50 °C, Pressure Output: 12.47 %, Heater State: ON, Flow Rate: 0.00 mL/s, Temp Error: 7.50, Pressure Error: 0.45, PWM Duty Cycle: 15.04 %
Time: 17.90 s, Pressure: 8.55 bar, Temperature: 87.50 °C, Pressure Output: 12.42 %, Heater State: ON, Flow Rate: 0.00 mL/s, Temp Error: 7.50, Pressure Error: 0.45, PWM Duty Cycle: 17.61 %
Time: 17.97 s, Pressure: 8.55 bar, Temperature: 87.50 °C, Pressure Output: 12.47 %, Heater State: ON, Flow Rate: 0.00 mL/s, Temp Error: 7.50, Pressure Error: 0.45, PWM Duty Cycle: 17.69 %
Time: 18.04 s, Pressure: 8.55 bar, Temperature: 87.50 °C, Pressure Output: 12.40 %, Heater State: ON, Flow Rate: 0.00 mL/s, Temp Error: 7.50, Pressure Error: 0.45, PWM Duty Cycle: 17.76 %
Time: 18.11 s, Pressure: 8.55 bar, Temperature: 87.75 °C, Pressure Output: 12.37 %, Heater State: ON, Flow Rate: 0.00 mL/s, Temp Error: 7.25, Pressure Error: 0.45, PWM Duty Cycle: 14.84 %
Time: 18.20 s, Pressure: 8.55 bar, Temperature: 87.75 °C, Pressure Output: 12.39 %, Heater State: ON, Flow Rate: 0.00 mL/s, Temp Error: 7.25, Pressure Error: 0.45, PWM Duty Cycle: 17.41 %
Time: 18.27 s, Pressure: 8.55 bar, Temperature: 87.75 °C, Pressure Output: 12.34 %, Heater State: ON, Flow Rate: 0.00 mL/s, Temp Error: 7.25, Pressure Error: 0.45, PWM Duty Cycle: 17.48 %
Time: 18.35 s, Pressure: 8.55 bar, Temperature: 87.75 °C, Pressure Output: 12.35 %, Heater State: ON, Flow Rate: 0.00 mL/s, Temp Error: 7.25, Pressure Error: 0.45, PWM Duty Cycle: 17.55 %
Time: 18.43 s, Pressure: 8.56 bar, Temperature: 88.25 °C, Pressure Output: 12.32 %, Heater State: ON, Flow Rate: 0.00 mL/s, Temp Error: 6.75, Pressure Error: 0.44, PWM Duty Cycle: 11.62 %
Time: 18.51 s, Pressure: 8.56 bar, Temperature: 88.25 °C, Pressure Output: 12.33 %, Heater State: ON, Flow Rate: 0.00 mL/s, Temp Error: 6.75, Pressure Error: 0.44, PWM Duty Cycle: 16.69 %
Time: 18.58 s, Pressure: 8.56 bar, Temperature: 88.25 °C, Pressure Output: 12.26 %, Heater State: ON, Flow Rate: 0.00 mL/s, Temp Error: 6.75, Pressure Error: 0.44, PWM Duty Cycle: 16.76 %
Time: 18.66 s, Pressure: 8.56 bar, Temperature: 88.25 °C, Pressure Output: 12.32 %, Heater State: ON, Flow Rate: 0.00 mL/s, Temp Error: 6.75, Pressure Error: 0.44, PWM Duty Cycle: 16.82 %
Time: 18.73 s, Pressure: 8.56 bar, Temperature: 88.50 °C, Pressure Output: 12.28 %, Heater State: ON, Flow Rate: 0.00 mL/s, Temp Error: 6.50, Pressure Error: 0.44, PWM Duty Cycle: 13.89 %
Time: 18.83 s, Pressure: 8.56 bar, Temperature: 88.50 °C, Pressure Output: 12.29 %, Heater State: ON, Flow Rate: 0.00 mL/s, Temp Error: 6.50, Pressure Error: 0.44, PWM Duty Cycle: 16.45 %
Time: 18.90 s, Pressure: 8.56 bar, Temperature: 88.50 °C, Pressure Output: 12.29 %, Heater State: ON, Flow Rate: 0.00 mL/s, Temp Error: 6.50, Pressure Error: 0.44, PWM Duty Cycle: 16.52 %
Time: 18.97 s, Pressure: 8.57 bar, Temperature: 88.50 °C, Pressure Output: 12.20 %, Heater State: ON, Flow Rate: 0.00 mL/s, Temp Error: 6.50, Pressure Error: 0.43, PWM Duty Cycle: 16.58 %
Time: 19.06 s, Pressure: 8.57 bar, Temperature: 89.00 °C, Pressure Output: 12.22 %, Heater State: ON, Flow Rate: 0.00 mL/s, Temp Error: 6.00, Pressure Error: 0.43, PWM Duty Cycle: 10.64 %
Time: 19.15 s, Pressure: 8.57 bar, Temperature: 89.00 °C, Pressure Output: 12.23 %, Heater State: ON, Flow Rate: 0.00 mL/s, Temp Error: 6.00, Pressure Error: 0.43, PWM Duty Cycle: 15.70 %
Time: 19.24 s, Pressure: 8.57 bar, Temperature: 89.00 °C, Pressure Output: 12.23 %, Heater State: ON, Flow Rate: 0.00 mL/s, Temp Error: 6.00, Pressure Error: 0.43, PWM Duty Cycle: 15.76 %
Time: 19.35 s, Pressure: 8.56 bar, Temperature: 89.25 °C, Pressure Output: 12.29 %, Heater State: ON, Flow Rate: 0.00 mL/s, Temp Error: 5.75, Pressure Error: 0.44, PWM Duty Cycle: 12.82 %
Time: 19.43 s, Pressure: 8.57 bar, Temperature: 89.25 °C, Pressure Output: 12.26 %, Heater State: ON, Flow Rate: 0.00 mL/s, Temp Error: 5.75, Pressure Error: 0.43, PWM Duty Cycle: 15.38 %
Time: 19.51 s, Pressure: 8.56 bar, Temperature: 89.25 °C, Pressure Output: 12.32 %, Heater State: ON, Flow Rate: 0.00 mL/s, Temp Error: 5.75, Pressure Error: 0.44, PWM Duty Cycle: 15.44 %
Time: 19.58 s, Pressure: 8.56 bar, Temperature: 89.25 °C, Pressure Output: 12.31 %, Heater State: ON, Flow Rate: 0.00 mL/s, Temp Error: 5.75, Pressure Error: 0.44, PWM Duty Cycle: 15.49 %
Time: 19.69 s, Pressure: 8.57 bar, Temperature: 89.75 °C, Pressure Output: 12.21 %, Heater State: ON, Flow Rate: 0.00 mL/s, Temp Error: 5.25, Pressure Error: 0.43, PWM Duty Cycle: 9.55 %
Time: 19.77 s, Pressure: 8.57 bar, Temperature: 89.75 °C, Pressure Output: 12.23 %, Heater State: ON, Flow Rate: 0.00 mL/s, Temp Error: 5.25, Pressure Error: 0.43, PWM Duty Cycle: 14.60 %
Time: 19.85 s, Pressure: 8.57 bar, Temperature: 89.75 °C, Pressure Output: 12.18 %, Heater State: ON, Flow Rate: 0.00 mL/s, Temp Error: 5.25, Pressure Error: 0.43, PWM Duty Cycle: 14.65 %
Time: 19.93 s, Pressure: 8.57 bar, Temperature: 89.75 °C, Pressure Output: 12.26 %, Heater State: ON, Flow Rate: 0.00 mL/s, Temp Error: 5.25, Pressure Error: 0.43, PWM Duty Cycle: 14.70 %
Time: 19.99 s, Pressure: 8.57 bar, Temperature: 90.50 °C, Pressure Output: 12.23 %, Heater State: ON, Flow Rate: 0.00 mL/s, Temp Error: 4.50, Pressure Error: 0.43, PWM Duty Cycle: 5.75 %
Time: 20.08 s, Pressure: 8.57 bar, Temperature: 90.50 °C, Pressure Output: 12.20 %, Heater State: ON, Flow Rate: 0.00 mL/s, Temp Error: 4.50, Pressure Error: 0.43, PWM Duty Cycle: 13.29 %
Time: 20.16 s, Pressure: 8.57 bar, Temperature: 90.50 °C, Pressure Output: 12.20 %, Heater State: ON, Flow Rate: 0.00 mL/s, Temp Error: 4.50, Pressure Error: 0.43, PWM Duty Cycle: 13.34 %
Time: 20.22 s, Pressure: 8.57 bar, Temperature: 90.50 °C, Pressure Output: 12.17 %, Heater State: ON, Flow Rate: 0.00 mL/s, Temp Error: 4.50, Pressure Error: 0.43, PWM Duty Cycle: 13.38 %
Time: 20.29 s, Pressure: 8.57 bar, Temperature: 91.00 °C, Pressure Output: 12.16 %, Heater State: ON, Flow Rate: 0.00 mL/s, Temp Error: 4.00, Pressure Error: 0.43, PWM Duty Cycle: 7.42 %
Time: 20.37 s, Pressure: 8.58 bar, Temperature: 91.00 °C, Pressure Output: 12.12 %, Heater State: ON, Flow Rate: 0.00 mL/s, Temp Error: 4.00, Pressure Error: 0.42, PWM Duty Cycle: 12.46 %
Time: 20.44 s, Pressure: 8.58 bar, Temperature: 91.00 °C, Pressure Output: 12.10 %, Heater State: ON, Flow Rate: 0.00 mL/s, Temp Error: 4.00, Pressure Error: 0.42, PWM Duty Cycle: 12.50 %
Time: 20.50 s, Pressure: 8.58 bar, Temperature: 91.00 °C, Pressure Output: 12.08 %, Heater State: ON, Flow Rate: 0.00 mL/s, Temp Error: 4.00, Pressure Error: 0.42, PWM Duty Cycle: 12.54 %
Time: 20.57 s, Pressure: 8.58 bar, Temperature: 91.50 °C, Pressure Output: 12.06 %, Heater State: ON, Flow Rate: 0.00 mL/s, Temp Error: 3.50, Pressure Error: 0.42, PWM Duty Cycle: 6.58 %
Time: 20.64 s, Pressure: 8.58 bar, Temperature: 91.50 °C, Pressure Output: 12.01 %, Heater State: ON, Flow Rate: 0.00 mL/s, Temp Error: 3.50, Pressure Error: 0.42, PWM Duty Cycle: 11.61 %
Time: 20.70 s, Pressure: 8.59 bar, Temperature: 91.50 °C, Pressure Output: 11.99 %, Heater State: ON, Flow Rate: 0.00 mL/s, Temp Error: 3.50, Pressure Error: 0.41, PWM Duty Cycle: 11.65 %
Time: 20.78 s, Pressure: 8.59 bar, Temperature: 91.50 °C, Pressure Output: 12.01 %, Heater State: ON, Flow Rate: 0.00 mL/s, Temp Error: 3.50, Pressure Error: 0.41, PWM Duty Cycle: 11.68 %
Time: 20.88 s, Pressure: 8.59 bar, Temperature: 92.00 °C, Pressure Output: 12.00 %, Heater State: ON, Flow Rate: 0.00 mL/s, Temp Error: 3.00, Pressure Error: 0.41, PWM Duty Cycle: 5.71 %
Time: 20.96 s, Pressure: 8.59 bar, Temperature: 92.00 °C, Pressure Output: 11.99 %, Heater State: ON, Flow Rate: 0.00 mL/s, Temp Error: 3.00, Pressure Error: 0.41, PWM Duty Cycle: 10.74 %
Time: 21.05 s, Pressure: 8.58 bar, Temperature: 92.00 °C, Pressure Output: 12.05 %, Heater State: ON, Flow Rate: 0.00 mL/s, Temp Error: 3.00, Pressure Error: 0.42, PWM Duty Cycle: 10.77 %
Time: 21.17 s, Pressure: 8.59 bar, Temperature: 92.50 °C, Pressure Output: 12.03 %, Heater State: ON, Flow Rate: 0.00 mL/s, Temp Error: 2.50, Pressure Error: 0.41, PWM Duty Cycle: 4.80 %
Time: 21.26 s, Pressure: 8.59 bar, Temperature: 92.50 °C, Pressure Output: 12.00 %, Heater State: ON, Flow Rate: 0.00 mL/s, Temp Error: 2.50, Pressure Error: 0.41, PWM Duty Cycle: 9.82 %
Time: 21.32 s, Pressure: 8.59 bar, Temperature: 92.50 °C, Pressure Output: 12.00 %, Heater State: ON, Flow Rate: 0.00 mL/s, Temp Error: 2.50, Pressure Error: 0.41, PWM Duty Cycle: 9.85 %
Time: 21.40 s, Pressure: 8.59 bar, Temperature: 92.50 °C, Pressure Output: 12.00 %, Heater State: ON, Flow Rate: 0.00 mL/s, Temp Error: 2.50, Pressure Error: 0.41, PWM Duty Cycle: 9.87 %
Time: 21.48 s, Pressure: 8.59 bar, Temperature: 92.75 °C, Pressure Output: 12.04 %, Heater State: ON, Flow Rate: 0.00 mL/s, Temp Error: 2.25, Pressure Error: 0.41, PWM Duty Cycle: 6.90 %
Time: 21.55 s, Pressure: 8.59 bar, Temperature: 92.75 °C, Pressure Output: 12.00 %, Heater State: ON, Flow Rate: 0.00 mL/s, Temp Error: 2.25, Pressure Error: 0.41, PWM Duty Cycle: 9.42 %
Time: 21.63 s, Pressure: 8.59 bar, Temperature: 92.75 °C, Pressure Output: 12.07 %, Heater State: ON, Flow Rate: 0.00 mL/s, Temp Error: 2.25, Pressure Error: 0.41, PWM Duty Cycle: 9.44 %
Time: 21.70 s, Pressure: 8.59 bar, Temperature: 92.75 °C, Pressure Output: 12.06 %, Heater State: ON, Flow Rate: 0.00 mL/s, Temp Error: 2.25, Pressure Error: 0.41, PWM Duty Cycle: 9.46 %
Time: 21.79 s, Pressure: 8.59 bar, Temperature: 93.75 °C, Pressure Output: 12.01 %, Heater State: OFF, Flow Rate: 0.00 mL/s, Temp Error: 1.25, Pressure Error: 0.41, PWM Duty Cycle: 0.00 %
Time: 21.87 s, Pressure: 8.59 bar, Temperature: 93.75 °C, Pressure Output: 12.01 %, Heater State: ON, Flow Rate: 0.00 mL/s, Temp Error: 1.25, Pressure Error: 0.41, PWM Duty Cycle: 7.49 %
Time: 21.93 s, Pressure: 8.59 bar, Temperature: 93.75 °C, Pressure Output: 11.94 %, Heater State: ON, Flow Rate: 0.00 mL/s, Temp Error: 1.25, Pressure Error: 0.41, PWM Duty Cycle: 7.50 %
Time: 22.03 s, Pressure: 8.59 bar, Temperature: 93.75 °C, Pressure Output: 12.00 %, Heater State: ON, Flow Rate: 0.00 mL/s, Temp Error: 1.25, Pressure Error: 0.41, PWM Duty Cycle: 7.51 %
Time: 22.15 s, Pressure: 8.59 bar, Temperature: 94.25 °C, Pressure Output: 12.06 %, Heater State: ON, Flow Rate: 0.00 mL/s, Temp Error: 0.75, Pressure Error: 0.41, PWM Duty Cycle: 1.52 %
Time: 22.23 s, Pressure: 8.59 bar, Temperature: 94.25 °C, Pressure Output: 12.06 %, Heater State: ON, Flow Rate: 0.00 mL/s, Temp Error: 0.75, Pressure Error: 0.41, PWM Duty Cycle: 6.53 %
Time: 22.31 s, Pressure: 8.58 bar, Temperature: 94.25 °C, Pressure Output: 12.16 %, Heater State: ON, Flow Rate: 0.00 mL/s, Temp Error: 0.75, Pressure Error: 0.42, PWM Duty Cycle: 6.54 %
Time: 22.39 s, Pressure: 8.59 bar, Temperature: 94.25 °C, Pressure Output: 12.16 %, Heater State: ON, Flow Rate: 0.00 mL/s, Temp Error: 0.75, Pressure Error: 0.41, PWM Duty Cycle: 6.54 %
Time: 22.46 s, Pressure: 8.58 bar, Temperature: 94.75 °C, Pressure Output: 12.24 %, Heater State: ON, Flow Rate: 0.00 mL/s, Temp Error: 0.25, Pressure Error: 0.42, PWM Duty Cycle: 0.55 %
Time: 22.53 s, Pressure: 8.58 bar, Temperature: 94.75 °C, Pressure Output: 12.25 %, Heater State: ON, Flow Rate: 0.00 mL/s, Temp Error: 0.25, Pressure Error: 0.42, PWM Duty Cycle: 5.55 %
Time: 22.60 s, Pressure: 8.58 bar, Temperature: 94.75 °C, Pressure Output: 12.29 %, Heater State: ON, Flow Rate: 0.00 mL/s, Temp Error: 0.25, Pressure Error: 0.42, PWM Duty Cycle: 5.55 %
Time: 22.69 s, Pressure: 8.58 bar, Temperature: 94.75 °C, Pressure Output: 12.29 %, Heater State: ON, Flow Rate: 0.00 mL/s, Temp Error: 0.25, Pressure Error: 0.42, PWM Duty Cycle: 5.55 %
Time: 22.75 s, Pressure: 8.58 bar, Temperature: 95.50 °C, Pressure Output: 12.31 %, Heater State: OFF, Flow Rate: 0.00 mL/s, Temp Error: -0.50, Pressure Error: 0.42, PWM Duty Cycle: 0.00 %
Time: 22.84 s, Pressure: 8.58 bar, Temperature: 95.50 °C, Pressure Output: 12.37 %, Heater State: ON, Flow Rate: 0.00 mL/s, Temp Error: -0.50, Pressure Error: 0.42, PWM Duty Cycle: 4.04 %
